 ID,Date,Water Level / Niveau d'eau (m),Grade,Symbol / Symbole,QA/QC,Discharge / DÃ©bit (cms),Grade,Symbol / Symbole,QA/QC
02OA016,2023-12-31T00:00:00-05:00,1.353,,,1,9190,,,1
02OA016,2023-12-31T00:05:00-05:00,1.346,,,1,9160,,,1
02OA016,2023-12-31T00:10:00-05:00,1.353,,,1,9190,,,1
02OA016,2023-12-31T00:15:00-05:00,1.348,,,1,9170,,,1
02OA016,2023-12-31T00:20:00-05:00,1.351,,,1,9180,,,1
02OA016,2023-12-31T00:25:00-05:00,1.354,,,1,9190,,,1
02OA016,2023-12-31T00:30:00-05:00,1.355,,,1,9200,,,1
02OA016,2023-12-31T00:35:00-05:00,1.347,,,1,9170,,,1
02OA016,2023-12-31T00:40:00-05:00,1.349,,,1,9170,,,1
02OA016,2023-12-31T00:45:00-05:00,1.342,,,1,9150,,,1
02OA016,2023-12-31T00:50:00-05:00,1.348,,,1,9170,,,1
02OA016,2023-12-31T00:55:00-05:00,1.351,,,1,9180,,,1
02OA016,2023-12-31T01:00:00-05:00,1.356,,,1,9200,,,1
02OA016,2023-12-31T01:05:00-05:00,1.348,,,1,9170,,,1
02OA016,2023-12-31T01:10:00-05:00,1.350,,,1,9180,,,1
02OA016,2023-12-31T01:15:00-05:00,1.349,,,1,9170,,,1
02OA016,2023-12-31T01:20:00-05:00,1.351,,,1,9180,,,1
02OA016,2023-12-31T01:25:00-05:00,1.345,,,1,9160,,,1
02OA016,2023-12-31T01:30:00-05:00,1.347,,,1,9170,,,1
02OA016,2023-12-31T01:35:00-05:00,1.350,,,1,9180,,,1
02OA016,2023-12-31T01:40:00-05:00,1.342,,,1,9150,,,1
02OA016,2023-12-31T01:45:00-05:00,1.351,,,1,9180,,,1
02OA016,2023-12-31T01:50:00-05:00,1.345,,,1,9160,,,1
02OA016,2023-12-31T01:55:00-05:00,1.351,,,1,9180,,,1
02OA016,2023-12-31T02:00:00-05:00,1.349,,,1,9170,,,1
02OA016,2023-12-31T02:05:00-05:00,1.352,,,1,9180,,,1
02OA016,2023-12-31T02:10:00-05:00,1.351,,,1,9180,,,1
02OA016,2023-12-31T02:15:00-05:00,1.353,,,1,9190,,,1
02OA016,2023-12-31T02:20:00-05:00,1.353,,,1,9190,,,1
02OA016,2023-12-31T02:25:00-05:00,1.350,,,1,9180,,,1
02OA016,2023-12-31T02:30:00-05:00,1.352,,,1,9180,,,1
02OA016,2023-12-31T02:35:00-05:00,1.345,,,1,9160,,,1
02OA016,2023-12-31T02:40:00-05:00,1.345,,,1,9160,,,1
02OA016,2023-12-31T02:45:00-05:00,1.351,,,1,9180,,,1
02OA016,2023-12-31T02:50:00-05:00,1.352,,,1,9180,,,1
02OA016,2023-12-31T02:55:00-05:00,1.356,,,1,9200,,,1
02OA016,2023-12-31T03:00:00-05:00,1.358,,,1,9210,,,1
02OA016,2023-12-31T03:05:00-05:00,1.352,,,1,9180,,,1
02OA016,2023-12-31T03:10:00-05:00,1.350,,,1,9180,,,1
02OA016,2023-12-31T03:15:00-05:00,1.349,,,1,9170,,,1
02OA016,2023-12-31T03:20:00-05:00,1.348,,,1,9170,,,1
02OA016,2023-12-31T03:25:00-05:00,1.352,,,1,9180,,,1
02OA016,2023-12-31T03:30:00-05:00,1.351,,,1,9180,,,1
02OA016,2023-12-31T03:35:00-05:00,1.343,,,1,9150,,,1
02OA016,2023-12-31T03:40:00-05:00,1.353,,,1,9190,,,1
02OA016,2023-12-31T03:45:00-05:00,1.346,,,1,9160,,,1
02OA016,2023-12-31T03:50:00-05:00,1.349,,,1,9170,,,1
02OA016,2023-12-31T03:55:00-05:00,1.348,,,1,9170,,,1
02OA016,2023-12-31T04:00:00-05:00,1.344,,,1,9150,,,1
02OA016,2023-12-31T04:05:00-05:00,1.350,,,1,9180,,,1
02OA016,2023-12-31T04:10:00-05:00,1.346,,,1,9160,,,1
02OA016,2023-12-31T04:15:00-05:00,1.345,,,1,9160,,,1
02OA016,2023-12-31T04:20:00-05:00,1.349,,,1,9170,,,1
02OA016,2023-12-31T04:25:00-05:00,1.346,,,1,9160,,,1
02OA016,2023-12-31T04:30:00-05:00,1.340,,,1,9140,,,1
02OA016,2023-12-31T04:35:00-05:00,1.347,,,1,9170,,,1
02OA016,2023-12-31T04:40:00-05:00,1.346,,,1,9160,,,1
02OA016,2023-12-31T04:45:00-05:00,1.346,,,1,9160,,,1
02OA016,2023-12-31T04:50:00-05:00,1.340,,,1,9140,,,1
02OA016,2023-12-31T04:55:00-05:00,1.349,,,1,9170,,,1
02OA016,2023-12-31T05:00:00-05:00,1.347,,,1,9170,,,1
02OA016,2023-12-31T05:05:00-05:00,1.344,,,1,9150,,,1
02OA016,2023-12-31T05:10:00-05:00,1.345,,,1,9160,,,1
02OA016,2023-12-31T05:15:00-05:00,1.344,,,1,9150,,,1
02OA016,2023-12-31T05:20:00-05:00,1.342,,,1,9150,,,1
02OA016,2023-12-31T05:25:00-05:00,1.341,,,1,9140,,,1
02OA016,2023-12-31T05:30:00-05:00,1.347,,,1,9170,,,1
02OA016,2023-12-31T05:35:00-05:00,1.351,,,1,9180,,,1
02OA016,2023-12-31T05:40:00-05:00,1.344,,,1,9150,,,1
02OA016,2023-12-31T05:45:00-05:00,1.348,,,1,9170,,,1
02OA016,2023-12-31T05:50:00-05:00,1.349,,,1,9170,,,1
02OA016,2023-12-31T05:55:00-05:00,1.349,,,1,9170,,,1
02OA016,2023-12-31T06:00:00-05:00,1.348,,,1,9170,,,1
02OA016,2023-12-31T06:05:00-05:00,1.346,,,1,9160,,,1
02OA016,2023-12-31T06:10:00-05:00,1.348,,,1,9170,,,1
02OA016,2023-12-31T06:15:00-05:00,1.345,,,1,9160,,,1
02OA016,2023-12-31T06:20:00-05:00,1.345,,,1,9160,,,1
02OA016,2023-12-31T06:25:00-05:00,1.346,,,1,9160,,,1
02OA016,2023-12-31T06:30:00-05:00,1.349,,,1,9170,,,1
02OA016,2023-12-31T06:35:00-05:00,1.347,,,1,9170,,,1
02OA016,2023-12-31T06:40:00-05:00,1.350,,,1,9180,,,1
02OA016,2023-12-31T06:45:00-05:00,1.348,,,1,9170,,,1
02OA016,2023-12-31T06:50:00-05:00,1.356,,,1,9200,,,1
02OA016,2023-12-31T06:55:00-05:00,1.352,,,1,9180,,,1
02OA016,2023-12-31T07:00:00-05:00,1.347,,,1,9170,,,1
02OA016,2023-12-31T07:05:00-05:00,1.349,,,1,9170,,,1
02OA016,2023-12-31T07:10:00-05:00,1.347,,,1,9170,,,1
02OA016,2023-12-31T07:15:00-05:00,1.342,,,1,9150,,,1
02OA016,2023-12-31T07:20:00-05:00,1.344,,,1,9150,,,1
02OA016,2023-12-31T07:25:00-05:00,1.344,,,1,9150,,,1
02OA016,2023-12-31T07:30:00-05:00,1.345,,,1,9160,,,1
02OA016,2023-12-31T07:35:00-05:00,1.340,,,1,9140,,,1
02OA016,2023-12-31T07:40:00-05:00,1.338,,,1,9130,,,1
02OA016,2023-12-31T07:45:00-05:00,1.339,,,1,9140,,,1
02OA016,2023-12-31T07:50:00-05:00,1.342,,,1,9150,,,1
02OA016,2023-12-31T07:55:00-05:00,1.341,,,1,9140,,,1
02OA016,2023-12-31T08:00:00-05:00,1.344,,,1,9150,,,1
02OA016,2023-12-31T08:05:00-05:00,1.340,,,1,9140,,,1
02OA016,2023-12-31T08:10:00-05:00,1.342,,,1,9150,,,1
02OA016,2023-12-31T08:15:00-05:00,1.342,,,1,9150,,,1
02OA016,2023-12-31T08:20:00-05:00,1.341,,,1,9140,,,1
02OA016,2023-12-31T08:25:00-05:00,1.341,,,1,9140,,,1
02OA016,2023-12-31T08:30:00-05:00,1.342,,,1,9150,,,1
02OA016,2023-12-31T08:35:00-05:00,1.342,,,1,9150,,,1
02OA016,2023-12-31T08:40:00-05:00,1.340,,,1,9140,,,1
02OA016,2023-12-31T08:45:00-05:00,1.332,,,1,9110,,,1
02OA016,2023-12-31T08:50:00-05:00,1.338,,,1,9130,,,1
02OA016,2023-12-31T08:55:00-05:00,1.340,,,1,9140,,,1
02OA016,2023-12-31T09:00:00-05:00,1.340,,,1,9140,,,1
02OA016,2023-12-31T09:05:00-05:00,1.336,,,1,9130,,,1
02OA016,2023-12-31T09:10:00-05:00,1.340,,,1,9140,,,1
02OA016,2023-12-31T09:15:00-05:00,1.339,,,1,9140,,,1
02OA016,2023-12-31T09:20:00-05:00,1.341,,,1,9140,,,1
02OA016,2023-12-31T09:25:00-05:00,1.334,,,1,9120,,,1
02OA016,2023-12-31T09:30:00-05:00,1.338,,,1,9130,,,1
02OA016,2023-12-31T09:35:00-05:00,1.337,,,1,9130,,,1
02OA016,2023-12-31T09:40:00-05:00,1.340,,,1,9140,,,1
02OA016,2023-12-31T09:45:00-05:00,1.337,,,1,9130,,,1
02OA016,2023-12-31T09:50:00-05:00,1.337,,,1,9130,,,1
02OA016,2023-12-31T09:55:00-05:00,1.336,,,1,9130,,,1
02OA016,2023-12-31T10:00:00-05:00,1.334,,,1,9120,,,1
02OA016,2023-12-31T10:05:00-05:00,1.334,,,1,9120,,,1
02OA016,2023-12-31T10:10:00-05:00,1.335,,,1,9120,,,1
02OA016,2023-12-31T10:15:00-05:00,1.335,,,1,9120,,,1
02OA016,2023-12-31T10:20:00-05:00,1.336,,,1,9130,,,1
02OA016,2023-12-31T10:25:00-05:00,1.339,,,1,9140,,,1
02OA016,2023-12-31T10:30:00-05:00,1.334,,,1,9120,,,1
02OA016,2023-12-31T10:35:00-05:00,1.333,,,1,9110,,,1
02OA016,2023-12-31T10:40:00-05:00,1.337,,,1,9130,,,1
02OA016,2023-12-31T10:45:00-05:00,1.336,,,1,9130,,,1
02OA016,2023-12-31T10:50:00-05:00,1.336,,,1,9130,,,1
02OA016,2023-12-31T10:55:00-05:00,1.338,,,1,9130,,,1
02OA016,2023-12-31T11:00:00-05:00,1.333,,,1,9110,,,1
02OA016,2023-12-31T11:05:00-05:00,1.334,,,1,9120,,,1
02OA016,2023-12-31T11:10:00-05:00,1.334,,,1,9120,,,1
02OA016,2023-12-31T11:15:00-05:00,1.334,,,1,9120,,,1
02OA016,2023-12-31T11:20:00-05:00,1.337,,,1,9130,,,1
02OA016,2023-12-31T11:25:00-05:00,1.333,,,1,9110,,,1
02OA016,2023-12-31T11:30:00-05:00,1.338,,,1,9130,,,1
02OA016,2023-12-31T11:35:00-05:00,1.338,,,1,9130,,,1
02OA016,2023-12-31T11:40:00-05:00,1.334,,,1,9120,,,1
02OA016,2023-12-31T11:45:00-05:00,1.336,,,1,9130,,,1
02OA016,2023-12-31T11:50:00-05:00,1.334,,,1,9120,,,1
02OA016,2023-12-31T11:55:00-05:00,1.330,,,1,9100,,,1
02OA016,2023-12-31T12:00:00-05:00,1.331,,,1,9110,,,1
02OA016,2023-12-31T12:05:00-05:00,1.334,,,1,9120,,,1
02OA016,2023-12-31T12:10:00-05:00,1.330,,,1,9100,,,1
02OA016,2023-12-31T12:15:00-05:00,1.333,,,1,9110,,,1
02OA016,2023-12-31T12:20:00-05:00,1.335,,,1,9120,,,1
02OA016,2023-12-31T12:25:00-05:00,1.331,,,1,9110,,,1
02OA016,2023-12-31T12:30:00-05:00,1.331,,,1,9110,,,1
02OA016,2023-12-31T12:35:00-05:00,1.328,,,1,9100,,,1
02OA016,2023-12-31T12:40:00-05:00,1.329,,,1,9100,,,1
02OA016,2023-12-31T12:45:00-05:00,1.331,,,1,9110,,,1
02OA016,2023-12-31T12:50:00-05:00,1.329,,,1,9100,,,1
02OA016,2023-12-31T12:55:00-05:00,1.332,,,1,9110,,,1
02OA016,2023-12-31T13:00:00-05:00,1.329,,,1,9100,,,1
02OA016,2023-12-31T13:05:00-05:00,1.333,,,1,9110,,,1
02OA016,2023-12-31T13:10:00-05:00,1.330,,,1,9100,,,1
02OA016,2023-12-31T13:15:00-05:00,1.330,,,1,9100,,,1
02OA016,2023-12-31T13:20:00-05:00,1.327,,,1,9090,,,1
02OA016,2023-12-31T13:25:00-05:00,1.330,,,1,9100,,,1
02OA016,2023-12-31T13:30:00-05:00,1.337,,,1,9130,,,1
02OA016,2023-12-31T13:35:00-05:00,1.327,,,1,9090,,,1
02OA016,2023-12-31T13:40:00-05:00,1.334,,,1,9120,,,1
02OA016,2023-12-31T13:45:00-05:00,1.328,,,1,9100,,,1
02OA016,2023-12-31T13:50:00-05:00,1.334,,,1,9120,,,1
02OA016,2023-12-31T13:55:00-05:00,1.333,,,1,9110,,,1
02OA016,2023-12-31T14:00:00-05:00,1.336,,,1,9130,,,1
02OA016,2023-12-31T14:05:00-05:00,1.332,,,1,9110,,,1
02OA016,2023-12-31T14:10:00-05:00,1.335,,,1,9120,,,1
02OA016,2023-12-31T14:15:00-05:00,1.341,,,1,9140,,,1
02OA016,2023-12-31T14:20:00-05:00,1.334,,,1,9120,,,1
02OA016,2023-12-31T14:25:00-05:00,1.332,,,1,9110,,,1
02OA016,2023-12-31T14:30:00-05:00,1.332,,,1,9110,,,1
02OA016,2023-12-31T14:35:00-05:00,1.333,,,1,9110,,,1
02OA016,2023-12-31T14:40:00-05:00,1.329,,,1,9100,,,1
02OA016,2023-12-31T14:45:00-05:00,1.329,,,1,9100,,,1
02OA016,2023-12-31T14:50:00-05:00,1.330,,,1,9100,,,1
02OA016,2023-12-31T14:55:00-05:00,1.328,,,1,9100,,,1
02OA016,2023-12-31T15:00:00-05:00,1.324,,,1,9080,,,1
02OA016,2023-12-31T15:05:00-05:00,1.330,,,1,9100,,,1
02OA016,2023-12-31T15:10:00-05:00,1.330,,,1,9100,,,1
02OA016,2023-12-31T15:15:00-05:00,1.327,,,1,9090,,,1
02OA016,2023-12-31T15:20:00-05:00,1.329,,,1,9100,,,1
02OA016,2023-12-31T15:25:00-05:00,1.328,,,1,9100,,,1
02OA016,2023-12-31T15:30:00-05:00,1.326,,,1,9090,,,1
02OA016,2023-12-31T15:35:00-05:00,1.330,,,1,9100,,,1
02OA016,2023-12-31T15:40:00-05:00,1.325,,,1,9090,,,1
02OA016,2023-12-31T15:45:00-05:00,1.326,,,1,9090,,,1
02OA016,2023-12-31T15:50:00-05:00,1.320,,,1,9070,,,1
02OA016,2023-12-31T15:55:00-05:00,1.330,,,1,9100,,,1
02OA016,2023-12-31T16:00:00-05:00,1.322,,,1,9070,,,1
02OA016,2023-12-31T16:05:00-05:00,1.323,,,1,9080,,,1
02OA016,2023-12-31T16:10:00-05:00,1.322,,,1,9070,,,1
02OA016,2023-12-31T16:15:00-05:00,1.326,,,1,9090,,,1
02OA016,2023-12-31T16:20:00-05:00,1.325,,,1,9090,,,1
02OA016,2023-12-31T16:25:00-05:00,1.325,,,1,9090,,,1
02OA016,2023-12-31T16:30:00-05:00,1.323,,,1,9080,,,1
02OA016,2023-12-31T16:35:00-05:00,1.329,,,1,9100,,,1
02OA016,2023-12-31T16:40:00-05:00,1.321,,,1,9070,,,1
02OA016,2023-12-31T16:45:00-05:00,1.325,,,1,9090,,,1
02OA016,2023-12-31T16:50:00-05:00,1.322,,,1,9070,,,1
02OA016,2023-12-31T16:55:00-05:00,1.322,,,1,9070,,,1
02OA016,2023-12-31T17:00:00-05:00,1.324,,,1,9080,,,1
02OA016,2023-12-31T17:05:00-05:00,1.321,,,1,9070,,,1
02OA016,2023-12-31T17:10:00-05:00,1.319,,,1,9060,,,1
02OA016,2023-12-31T17:15:00-05:00,1.318,,,1,9060,,,1
02OA016,2023-12-31T17:20:00-05:00,1.321,,,1,9070,,,1
02OA016,2023-12-31T17:25:00-05:00,1.322,,,1,9070,,,1
02OA016,2023-12-31T17:30:00-05:00,1.317,,,1,9060,,,1
02OA016,2023-12-31T17:35:00-05:00,1.321,,,1,9070,,,1
02OA016,2023-12-31T17:40:00-05:00,1.321,,,1,9070,,,1
02OA016,2023-12-31T17:45:00-05:00,1.320,,,1,9070,,,1
02OA016,2023-12-31T17:50:00-05:00,1.318,,,1,9060,,,1
02OA016,2023-12-31T17:55:00-05:00,1.318,,,1,9060,,,1
02OA016,2023-12-31T18:00:00-05:00,1.316,,,1,9050,,,1
02OA016,2023-12-31T18:05:00-05:00,1.316,,,1,9050,,,1
02OA016,2023-12-31T18:10:00-05:00,1.321,,,1,9070,,,1
02OA016,2023-12-31T18:15:00-05:00,1.315,,,1,9050,,,1
02OA016,2023-12-31T18:20:00-05:00,1.315,,,1,9050,,,1
02OA016,2023-12-31T18:25:00-05:00,1.316,,,1,9050,,,1
02OA016,2023-12-31T18:30:00-05:00,1.317,,,1,9060,,,1
02OA016,2023-12-31T18:35:00-05:00,1.315,,,1,9050,,,1
02OA016,2023-12-31T18:40:00-05:00,1.314,,,1,9050,,,1
02OA016,2023-12-31T18:45:00-05:00,1.312,,,1,9040,,,1
02OA016,2023-12-31T18:50:00-05:00,1.317,,,1,9060,,,1
02OA016,2023-12-31T18:55:00-05:00,1.314,,,1,9050,,,1
02OA016,2023-12-31T19:00:00-05:00,1.315,,,1,9050,,,1
02OA016,2023-12-31T19:05:00-05:00,1.312,,,1,9040,,,1
02OA016,2023-12-31T19:10:00-05:00,1.317,,,1,9060,,,1
02OA016,2023-12-31T19:15:00-05:00,1.313,,,1,9040,,,1
02OA016,2023-12-31T19:20:00-05:00,1.312,,,1,9040,,,1
02OA016,2023-12-31T19:25:00-05:00,1.312,,,1,9040,,,1
02OA016,2023-12-31T19:30:00-05:00,1.311,,,1,9030,,,1
02OA016,2023-12-31T19:35:00-05:00,1.311,,,1,9030,,,1
02OA016,2023-12-31T19:40:00-05:00,1.310,,,1,9030,,,1
02OA016,2023-12-31T19:45:00-05:00,1.312,,,1,9040,,,1
02OA016,2023-12-31T19:50:00-05:00,1.314,,,1,9050,,,1
02OA016,2023-12-31T19:55:00-05:00,1.309,,,1,9030,,,1
02OA016,2023-12-31T20:00:00-05:00,1.310,,,1,9030,,,1
02OA016,2023-12-31T20:05:00-05:00,1.308,,,1,9020,,,1
02OA016,2023-12-31T20:10:00-05:00,1.309,,,1,9030,,,1
02OA016,2023-12-31T20:15:00-05:00,1.308,,,1,9020,,,1
02OA016,2023-12-31T20:20:00-05:00,1.304,,,1,9010,,,1
02OA016,2023-12-31T20:25:00-05:00,1.311,,,1,9030,,,1
02OA016,2023-12-31T20:30:00-05:00,1.312,,,1,9040,,,1
02OA016,2023-12-31T20:35:00-05:00,1.306,,,1,9020,,,1
02OA016,2023-12-31T20:40:00-05:00,1.311,,,1,9030,,,1
02OA016,2023-12-31T20:45:00-05:00,1.310,,,1,9030,,,1
02OA016,2023-12-31T20:50:00-05:00,1.309,,,1,9030,,,1
02OA016,2023-12-31T20:55:00-05:00,1.310,,,1,9030,,,1
02OA016,2023-12-31T21:00:00-05:00,1.312,,,1,9040,,,1
02OA016,2023-12-31T21:05:00-05:00,1.314,,,1,9050,,,1
02OA016,2023-12-31T21:10:00-05:00,1.309,,,1,9030,,,1
02OA016,2023-12-31T21:15:00-05:00,1.310,,,1,9030,,,1
02OA016,2023-12-31T21:20:00-05:00,1.311,,,1,9030,,,1
02OA016,2023-12-31T21:25:00-05:00,1.308,,,1,9020,,,1
02OA016,2023-12-31T21:30:00-05:00,1.310,,,1,9030,,,1
02OA016,2023-12-31T21:35:00-05:00,1.310,,,1,9030,,,1
02OA016,2023-12-31T21:40:00-05:00,1.307,,,1,9020,,,1
02OA016,2023-12-31T21:45:00-05:00,1.308,,,1,9020,,,1
02OA016,2023-12-31T21:50:00-05:00,1.308,,,1,9020,,,1
02OA016,2023-12-31T21:55:00-05:00,1.309,,,1,9030,,,1
02OA016,2023-12-31T22:00:00-05:00,1.305,,,1,9010,,,1
02OA016,2023-12-31T22:05:00-05:00,1.311,,,1,9030,,,1
02OA016,2023-12-31T22:10:00-05:00,1.305,,,1,9010,,,1
02OA016,2023-12-31T22:15:00-05:00,1.309,,,1,9030,,,1
02OA016,2023-12-31T22:20:00-05:00,1.306,,,1,9020,,,1
02OA016,2023-12-31T22:25:00-05:00,1.307,,,1,9020,,,1
02OA016,2023-12-31T22:30:00-05:00,1.305,,,1,9010,,,1
02OA016,2023-12-31T22:35:00-05:00,1.299,,,1,8990,,,1
02OA016,2023-12-31T22:40:00-05:00,1.301,,,1,9000,,,1
02OA016,2023-12-31T22:45:00-05:00,1.303,,,1,9010,,,1
02OA016,2023-12-31T22:50:00-05:00,1.306,,,1,9020,,,1
02OA016,2023-12-31T22:55:00-05:00,1.306,,,1,9020,,,1
02OA016,2023-12-31T23:00:00-05:00,1.304,,,1,9010,,,1
02OA016,2023-12-31T23:05:00-05:00,1.306,,,1,9020,,,1
02OA016,2023-12-31T23:10:00-05:00,1.306,,,1,9020,,,1
02OA016,2023-12-31T23:15:00-05:00,1.305,,,1,9010,,,1
02OA016,2023-12-31T23:20:00-05:00,1.306,,,1,9020,,,1
02OA016,2023-12-31T23:25:00-05:00,1.304,,,1,9010,,,1
02OA016,2023-12-31T23:30:00-05:00,1.306,,,1,9020,,,1
02OA016,2023-12-31T23:35:00-05:00,1.303,,,1,9010,,,1
02OA016,2023-12-31T23:40:00-05:00,1.307,,,1,9020,,,1
02OA016,2023-12-31T23:45:00-05:00,1.298,,,1,8990,,,1
02OA016,2023-12-31T23:50:00-05:00,1.303,,,1,9010,,,1
02OA016,2023-12-31T23:55:00-05:00,1.303,,,1,9010,,,1
02OA016,2024-01-01T00:00:00-05:00,1.302,,,1,9000,,,1
02OA016,2024-01-01T00:05:00-05:00,1.307,,,1,9020,,,1
02OA016,2024-01-01T00:10:00-05:00,1.299,,,1,8990,,,1
02OA016,2024-01-01T00:15:00-05:00,1.300,,,1,8990,,,1
02OA016,2024-01-01T00:20:00-05:00,1.296,,,1,8980,,,1
02OA016,2024-01-01T00:25:00-05:00,1.300,,,1,8990,,,1
02OA016,2024-01-01T00:30:00-05:00,1.302,,,1,9000,,,1
02OA016,2024-01-01T00:35:00-05:00,1.297,,,1,8980,,,1
02OA016,2024-01-01T00:40:00-05:00,1.299,,,1,8990,,,1
02OA016,2024-01-01T00:45:00-05:00,1.298,,,1,8990,,,1
02OA016,2024-01-01T00:50:00-05:00,1.303,,,1,9010,,,1
02OA016,2024-01-01T00:55:00-05:00,1.305,,,1,9010,,,1
02OA016,2024-01-01T01:00:00-05:00,1.300,,,1,8990,,,1
02OA016,2024-01-01T01:05:00-05:00,1.299,,,1,8990,,,1
02OA016,2024-01-01T01:10:00-05:00,1.301,,,1,9000,,,1
02OA016,2024-01-01T01:15:00-05:00,1.295,,,1,8980,,,1
02OA016,2024-01-01T01:20:00-05:00,1.298,,,1,8990,,,1
02OA016,2024-01-01T01:25:00-05:00,1.296,,,1,8980,,,1
02OA016,2024-01-01T01:30:00-05:00,1.298,,,1,8990,,,1
02OA016,2024-01-01T01:35:00-05:00,1.293,,,1,8970,,,1
02OA016,2024-01-01T01:40:00-05:00,1.293,,,1,8970,,,1
02OA016,2024-01-01T01:45:00-05:00,1.293,,,1,8970,,,1
02OA016,2024-01-01T01:50:00-05:00,1.297,,,1,8980,,,1
02OA016,2024-01-01T01:55:00-05:00,1.294,,,1,8970,,,1
02OA016,2024-01-01T02:00:00-05:00,1.294,,,1,8970,,,1
02OA016,2024-01-01T02:05:00-05:00,1.295,,,1,8980,,,1
02OA016,2024-01-01T02:10:00-05:00,1.296,,,1,8980,,,1
02OA016,2024-01-01T02:15:00-05:00,1.294,,,1,8970,,,1
02OA016,2024-01-01T02:20:00-05:00,1.291,,,1,8960,,,1
02OA016,2024-01-01T02:25:00-05:00,1.294,,,1,8970,,,1
02OA016,2024-01-01T02:30:00-05:00,1.295,,,1,8980,,,1
02OA016,2024-01-01T02:35:00-05:00,1.294,,,1,8970,,,1
02OA016,2024-01-01T02:40:00-05:00,1.295,,,1,8980,,,1
02OA016,2024-01-01T02:45:00-05:00,1.292,,,1,8970,,,1
02OA016,2024-01-01T02:50:00-05:00,1.295,,,1,8980,,,1
02OA016,2024-01-01T02:55:00-05:00,1.291,,,1,8960,,,1
02OA016,2024-01-01T03:00:00-05:00,1.296,,,1,8980,,,1
02OA016,2024-01-01T03:05:00-05:00,1.293,,,1,8970,,,1
02OA016,2024-01-01T03:10:00-05:00,1.292,,,1,8970,,,1
02OA016,2024-01-01T03:15:00-05:00,1.292,,,1,8970,,,1
02OA016,2024-01-01T03:20:00-05:00,1.293,,,1,8970,,,1
02OA016,2024-01-01T03:25:00-05:00,1.296,,,1,8980,,,1
02OA016,2024-01-01T03:30:00-05:00,1.290,,,1,8960,,,1
02OA016,2024-01-01T03:35:00-05:00,1.291,,,1,8960,,,1
02OA016,2024-01-01T03:40:00-05:00,1.291,,,1,8960,,,1
02OA016,2024-01-01T03:45:00-05:00,1.288,,,1,8950,,,1
02OA016,2024-01-01T03:50:00-05:00,1.291,,,1,8960,,,1
02OA016,2024-01-01T03:55:00-05:00,1.288,,,1,8950,,,1
02OA016,2024-01-01T04:00:00-05:00,1.286,,,1,8940,,,1
02OA016,2024-01-01T04:05:00-05:00,1.287,,,1,8950,,,1
02OA016,2024-01-01T04:10:00-05:00,1.289,,,1,8950,,,1
02OA016,2024-01-01T04:15:00-05:00,1.289,,,1,8950,,,1
02OA016,2024-01-01T04:20:00-05:00,1.287,,,1,8950,,,1
02OA016,2024-01-01T04:25:00-05:00,1.291,,,1,8960,,,1
02OA016,2024-01-01T04:30:00-05:00,1.287,,,1,8950,,,1
02OA016,2024-01-01T04:35:00-05:00,1.282,,,1,8930,,,1
02OA016,2024-01-01T04:40:00-05:00,1.287,,,1,8950,,,1
02OA016,2024-01-01T04:45:00-05:00,1.287,,,1,8950,,,1
02OA016,2024-01-01T04:50:00-05:00,1.284,,,1,8940,,,1
02OA016,2024-01-01T04:55:00-05:00,1.285,,,1,8940,,,1
02OA016,2024-01-01T05:00:00-05:00,1.288,,,1,8950,,,1
02OA016,2024-01-01T05:05:00-05:00,1.285,,,1,8940,,,1
02OA016,2024-01-01T05:10:00-05:00,1.281,,,1,8930,,,1
02OA016,2024-01-01T05:15:00-05:00,1.285,,,1,8940,,,1
02OA016,2024-01-01T05:20:00-05:00,1.286,,,1,8940,,,1
02OA016,2024-01-01T05:25:00-05:00,1.284,,,1,8940,,,1
02OA016,2024-01-01T05:30:00-05:00,1.285,,,1,8940,,,1
02OA016,2024-01-01T05:35:00-05:00,1.288,,,1,8950,,,1
02OA016,2024-01-01T05:40:00-05:00,1.288,,,1,8950,,,1
02OA016,2024-01-01T05:45:00-05:00,1.285,,,1,8940,,,1
02OA016,2024-01-01T05:50:00-05:00,1.286,,,1,8940,,,1
02OA016,2024-01-01T05:55:00-05:00,1.287,,,1,8950,,,1
02OA016,2024-01-01T06:00:00-05:00,1.286,,,1,8940,,,1
02OA016,2024-01-01T06:05:00-05:00,1.288,,,1,8950,,,1
02OA016,2024-01-01T06:10:00-05:00,1.289,,,1,8950,,,1
02OA016,2024-01-01T06:15:00-05:00,1.289,,,1,8950,,,1
02OA016,2024-01-01T06:20:00-05:00,1.286,,,1,8940,,,1
02OA016,2024-01-01T06:25:00-05:00,1.290,,,1,8960,,,1
02OA016,2024-01-01T06:30:00-05:00,1.285,,,1,8940,,,1
02OA016,2024-01-01T06:35:00-05:00,1.285,,,1,8940,,,1
02OA016,2024-01-01T06:40:00-05:00,1.281,,,1,8930,,,1
02OA016,2024-01-01T06:45:00-05:00,1.287,,,1,8950,,,1
02OA016,2024-01-01T06:50:00-05:00,1.285,,,1,8940,,,1
02OA016,2024-01-01T06:55:00-05:00,1.287,,,1,8950,,,1
02OA016,2024-01-01T07:00:00-05:00,1.286,,,1,8940,,,1
02OA016,2024-01-01T07:05:00-05:00,1.287,,,1,8950,,,1
02OA016,2024-01-01T07:10:00-05:00,1.286,,,1,8940,,,1
02OA016,2024-01-01T07:15:00-05:00,1.291,,,1,8960,,,1
02OA016,2024-01-01T07:20:00-05:00,1.287,,,1,8950,,,1
02OA016,2024-01-01T07:25:00-05:00,1.284,,,1,8940,,,1
02OA016,2024-01-01T07:30:00-05:00,1.286,,,1,8940,,,1
02OA016,2024-01-01T07:35:00-05:00,1.286,,,1,8940,,,1
02OA016,2024-01-01T07:40:00-05:00,1.285,,,1,8940,,,1
02OA016,2024-01-01T07:45:00-05:00,1.284,,,1,8940,,,1
02OA016,2024-01-01T07:50:00-05:00,1.285,,,1,8940,,,1
02OA016,2024-01-01T07:55:00-05:00,1.287,,,1,8950,,,1
02OA016,2024-01-01T08:00:00-05:00,1.288,,,1,8950,,,1
02OA016,2024-01-01T08:05:00-05:00,1.289,,,1,8950,,,1
02OA016,2024-01-01T08:10:00-05:00,1.292,,,1,8970,,,1
02OA016,2024-01-01T08:15:00-05:00,1.284,,,1,8940,,,1
02OA016,2024-01-01T08:20:00-05:00,1.288,,,1,8950,,,1
02OA016,2024-01-01T08:25:00-05:00,1.287,,,1,8950,,,1
02OA016,2024-01-01T08:30:00-05:00,1.284,,,1,8940,,,1
02OA016,2024-01-01T08:35:00-05:00,1.289,,,1,8950,,,1
02OA016,2024-01-01T08:40:00-05:00,1.287,,,1,8950,,,1
02OA016,2024-01-01T08:45:00-05:00,1.285,,,1,8940,,,1
02OA016,2024-01-01T08:50:00-05:00,1.286,,,1,8940,,,1
02OA016,2024-01-01T08:55:00-05:00,1.284,,,1,8940,,,1
02OA016,2024-01-01T09:00:00-05:00,1.284,,,1,8940,,,1
02OA016,2024-01-01T09:05:00-05:00,1.288,,,1,8950,,,1
02OA016,2024-01-01T09:10:00-05:00,1.284,,,1,8940,,,1
02OA016,2024-01-01T09:15:00-05:00,1.285,,,1,8940,,,1
02OA016,2024-01-01T09:20:00-05:00,1.286,,,1,8940,,,1
02OA016,2024-01-01T09:25:00-05:00,1.289,,,1,8950,,,1
02OA016,2024-01-01T09:30:00-05:00,1.283,,,1,8930,,,1
02OA016,2024-01-01T09:35:00-05:00,1.286,,,1,8940,,,1
02OA016,2024-01-01T09:40:00-05:00,1.288,,,1,8950,,,1
02OA016,2024-01-01T09:45:00-05:00,1.282,,,1,8930,,,1
02OA016,2024-01-01T09:50:00-05:00,1.285,,,1,8940,,,1
02OA016,2024-01-01T09:55:00-05:00,1.283,,,1,8930,,,1
02OA016,2024-01-01T10:00:00-05:00,1.280,,,1,8920,,,1
02OA016,2024-01-01T10:05:00-05:00,1.284,,,1,8940,,,1
02OA016,2024-01-01T10:10:00-05:00,1.280,,,1,8920,,,1
02OA016,2024-01-01T10:15:00-05:00,1.281,,,1,8930,,,1
02OA016,2024-01-01T10:20:00-05:00,1.280,,,1,8920,,,1
02OA016,2024-01-01T10:25:00-05:00,1.281,,,1,8930,,,1
02OA016,2024-01-01T10:30:00-05:00,1.283,,,1,8930,,,1
02OA016,2024-01-01T10:35:00-05:00,1.284,,,1,8940,,,1
02OA016,2024-01-01T10:40:00-05:00,1.282,,,1,8930,,,1
02OA016,2024-01-01T10:45:00-05:00,1.281,,,1,8930,,,1
02OA016,2024-01-01T10:50:00-05:00,1.283,,,1,8930,,,1
02OA016,2024-01-01T10:55:00-05:00,1.283,,,1,8930,,,1
02OA016,2024-01-01T11:00:00-05:00,1.281,,,1,8930,,,1
02OA016,2024-01-01T11:05:00-05:00,1.284,,,1,8940,,,1
02OA016,2024-01-01T11:10:00-05:00,1.286,,,1,8940,,,1
02OA016,2024-01-01T11:15:00-05:00,1.282,,,1,8930,,,1
02OA016,2024-01-01T11:20:00-05:00,1.283,,,1,8930,,,1
02OA016,2024-01-01T11:25:00-05:00,1.283,,,1,8930,,,1
02OA016,2024-01-01T11:30:00-05:00,1.284,,,1,8940,,,1
02OA016,2024-01-01T11:35:00-05:00,1.286,,,1,8940,,,1
02OA016,2024-01-01T11:40:00-05:00,1.288,,,1,8950,,,1
02OA016,2024-01-01T11:45:00-05:00,1.283,,,1,8930,,,1
02OA016,2024-01-01T11:50:00-05:00,1.283,,,1,8930,,,1
02OA016,2024-01-01T11:55:00-05:00,1.286,,,1,8940,,,1
02OA016,2024-01-01T12:00:00-05:00,1.287,,,1,8950,,,1
02OA016,2024-01-01T12:05:00-05:00,1.284,,,1,8940,,,1
02OA016,2024-01-01T12:10:00-05:00,1.288,,,1,8950,,,1
02OA016,2024-01-01T12:15:00-05:00,1.284,,,1,8940,,,1
02OA016,2024-01-01T12:20:00-05:00,1.282,,,1,8930,,,1
02OA016,2024-01-01T12:25:00-05:00,1.282,,,1,8930,,,1
02OA016,2024-01-01T12:30:00-05:00,1.282,,,1,8930,,,1
02OA016,2024-01-01T12:35:00-05:00,1.281,,,1,8930,,,1
02OA016,2024-01-01T12:40:00-05:00,1.281,,,1,8930,,,1
02OA016,2024-01-01T12:45:00-05:00,1.283,,,1,8930,,,1
02OA016,2024-01-01T12:50:00-05:00,1.282,,,1,8930,,,1
02OA016,2024-01-01T12:55:00-05:00,1.285,,,1,8940,,,1
02OA016,2024-01-01T13:00:00-05:00,1.282,,,1,8930,,,1
02OA016,2024-01-01T13:05:00-05:00,1.282,,,1,8930,,,1
02OA016,2024-01-01T13:10:00-05:00,1.283,,,1,8930,,,1
02OA016,2024-01-01T13:15:00-05:00,1.283,,,1,8930,,,1
02OA016,2024-01-01T13:20:00-05:00,1.286,,,1,8940,,,1
02OA016,2024-01-01T13:25:00-05:00,1.286,,,1,8940,,,1
02OA016,2024-01-01T13:30:00-05:00,1.284,,,1,8940,,,1
02OA016,2024-01-01T13:35:00-05:00,1.285,,,1,8940,,,1
02OA016,2024-01-01T13:40:00-05:00,1.288,,,1,8950,,,1
02OA016,2024-01-01T13:45:00-05:00,1.289,,,1,8950,,,1
02OA016,2024-01-01T13:50:00-05:00,1.288,,,1,8950,,,1
02OA016,2024-01-01T13:55:00-05:00,1.284,,,1,8940,,,1
02OA016,2024-01-01T14:00:00-05:00,1.285,,,1,8940,,,1
02OA016,2024-01-01T14:05:00-05:00,1.280,,,1,8920,,,1
02OA016,2024-01-01T14:10:00-05:00,1.287,,,1,8950,,,1
02OA016,2024-01-01T14:15:00-05:00,1.285,,,1,8940,,,1
02OA016,2024-01-01T14:20:00-05:00,1.288,,,1,8950,,,1
02OA016,2024-01-01T14:25:00-05:00,1.280,,,1,8920,,,1
02OA016,2024-01-01T14:30:00-05:00,1.287,,,1,8950,,,1
02OA016,2024-01-01T14:35:00-05:00,1.285,,,1,8940,,,1
02OA016,2024-01-01T14:40:00-05:00,1.283,,,1,8930,,,1
02OA016,2024-01-01T14:45:00-05:00,1.289,,,1,8950,,,1
02OA016,2024-01-01T14:50:00-05:00,1.286,,,1,8940,,,1
02OA016,2024-01-01T14:55:00-05:00,1.286,,,1,8940,,,1
02OA016,2024-01-01T15:00:00-05:00,1.290,,,1,8960,,,1
02OA016,2024-01-01T15:05:00-05:00,1.290,,,1,8960,,,1
02OA016,2024-01-01T15:10:00-05:00,1.286,,,1,8940,,,1
02OA016,2024-01-01T15:15:00-05:00,1.291,,,1,8960,,,1
02OA016,2024-01-01T15:20:00-05:00,1.285,,,1,8940,,,1
02OA016,2024-01-01T15:25:00-05:00,1.281,,,1,8930,,,1
02OA016,2024-01-01T15:30:00-05:00,1.286,,,1,8940,,,1
02OA016,2024-01-01T15:35:00-05:00,1.288,,,1,8950,,,1
02OA016,2024-01-01T15:40:00-05:00,1.279,,,1,8920,,,1
02OA016,2024-01-01T15:45:00-05:00,1.287,,,1,8950,,,1
02OA016,2024-01-01T15:50:00-05:00,1.286,,,1,8940,,,1
02OA016,2024-01-01T15:55:00-05:00,1.287,,,1,8950,,,1
02OA016,2024-01-01T16:00:00-05:00,1.284,,,1,8940,,,1
02OA016,2024-01-01T16:05:00-05:00,1.288,,,1,8950,,,1
02OA016,2024-01-01T16:10:00-05:00,1.287,,,1,8950,,,1
02OA016,2024-01-01T16:15:00-05:00,1.290,,,1,8960,,,1
02OA016,2024-01-01T16:20:00-05:00,1.292,,,1,8970,,,1
02OA016,2024-01-01T16:25:00-05:00,1.291,,,1,8960,,,1
02OA016,2024-01-01T16:30:00-05:00,1.289,,,1,8950,,,1
02OA016,2024-01-01T16:35:00-05:00,1.288,,,1,8950,,,1
02OA016,2024-01-01T16:40:00-05:00,1.289,,,1,8950,,,1
02OA016,2024-01-01T16:45:00-05:00,1.287,,,1,8950,,,1
02OA016,2024-01-01T16:50:00-05:00,1.290,,,1,8960,,,1
02OA016,2024-01-01T16:55:00-05:00,1.288,,,1,8950,,,1
02OA016,2024-01-01T17:00:00-05:00,1.287,,,1,8950,,,1
02OA016,2024-01-01T17:05:00-05:00,1.289,,,1,8950,,,1
02OA016,2024-01-01T17:10:00-05:00,1.290,,,1,8960,,,1
02OA016,2024-01-01T17:15:00-05:00,1.289,,,1,8950,,,1
02OA016,2024-01-01T17:20:00-05:00,1.283,,,1,8930,,,1
02OA016,2024-01-01T17:25:00-05:00,1.286,,,1,8940,,,1
02OA016,2024-01-01T17:30:00-05:00,1.284,,,1,8940,,,1
02OA016,2024-01-01T17:35:00-05:00,1.290,,,1,8960,,,1
02OA016,2024-01-01T17:40:00-05:00,1.281,,,1,8930,,,1
02OA016,2024-01-01T17:45:00-05:00,1.282,,,1,8930,,,1
02OA016,2024-01-01T17:50:00-05:00,1.287,,,1,8950,,,1
02OA016,2024-01-01T17:55:00-05:00,1.286,,,1,8940,,,1
02OA016,2024-01-01T18:00:00-05:00,1.287,,,1,8950,,,1
02OA016,2024-01-01T18:05:00-05:00,1.293,,,1,8970,,,1
02OA016,2024-01-01T18:10:00-05:00,1.283,,,1,8930,,,1
02OA016,2024-01-01T18:15:00-05:00,1.280,,,1,8920,,,1
02OA016,2024-01-01T18:20:00-05:00,1.292,,,1,8970,,,1
02OA016,2024-01-01T18:25:00-05:00,1.287,,,1,8950,,,1
02OA016,2024-01-01T18:30:00-05:00,1.289,,,1,8950,,,1
02OA016,2024-01-01T18:35:00-05:00,1.282,,,1,8930,,,1
02OA016,2024-01-01T18:40:00-05:00,1.284,,,1,8940,,,1
02OA016,2024-01-01T18:45:00-05:00,1.285,,,1,8940,,,1
02OA016,2024-01-01T18:50:00-05:00,1.281,,,1,8930,,,1
02OA016,2024-01-01T18:55:00-05:00,1.285,,,1,8940,,,1
02OA016,2024-01-01T19:00:00-05:00,1.285,,,1,8940,,,1
02OA016,2024-01-01T19:05:00-05:00,1.287,,,1,8950,,,1
02OA016,2024-01-01T19:10:00-05:00,1.286,,,1,8940,,,1
02OA016,2024-01-01T19:15:00-05:00,1.289,,,1,8950,,,1
02OA016,2024-01-01T19:20:00-05:00,1.290,,,1,8960,,,1
02OA016,2024-01-01T19:25:00-05:00,1.283,,,1,8930,,,1
02OA016,2024-01-01T19:30:00-05:00,1.286,,,1,8940,,,1
02OA016,2024-01-01T19:35:00-05:00,1.285,,,1,8940,,,1
02OA016,2024-01-01T19:40:00-05:00,1.286,,,1,8940,,,1
02OA016,2024-01-01T19:45:00-05:00,1.288,,,1,8950,,,1
02OA016,2024-01-01T19:50:00-05:00,1.280,,,1,8920,,,1
02OA016,2024-01-01T19:55:00-05:00,1.286,,,1,8940,,,1
02OA016,2024-01-01T20:00:00-05:00,1.287,,,1,8950,,,1
02OA016,2024-01-01T20:05:00-05:00,1.287,,,1,8950,,,1
02OA016,2024-01-01T20:10:00-05:00,1.282,,,1,8930,,,1
02OA016,2024-01-01T20:15:00-05:00,1.282,,,1,8930,,,1
02OA016,2024-01-01T20:20:00-05:00,1.282,,,1,8930,,,1
02OA016,2024-01-01T20:25:00-05:00,1.276,,,1,8910,,,1
02OA016,2024-01-01T20:30:00-05:00,1.280,,,1,8920,,,1
02OA016,2024-01-01T20:35:00-05:00,1.282,,,1,8930,,,1
02OA016,2024-01-01T20:40:00-05:00,1.281,,,1,8930,,,1
02OA016,2024-01-01T20:45:00-05:00,1.281,,,1,8930,,,1
02OA016,2024-01-01T20:50:00-05:00,1.280,,,1,8920,,,1
02OA016,2024-01-01T20:55:00-05:00,1.283,,,1,8930,,,1
02OA016,2024-01-01T21:00:00-05:00,1.289,,,1,8950,,,1
02OA016,2024-01-01T21:05:00-05:00,1.281,,,1,8930,,,1
02OA016,2024-01-01T21:10:00-05:00,1.288,,,1,8950,,,1
02OA016,2024-01-01T21:15:00-05:00,1.279,,,1,8920,,,1
02OA016,2024-01-01T21:20:00-05:00,1.287,,,1,8950,,,1
02OA016,2024-01-01T21:25:00-05:00,1.290,,,1,8960,,,1
02OA016,2024-01-01T21:30:00-05:00,1.294,,,1,8970,,,1
02OA016,2024-01-01T21:35:00-05:00,1.291,,,1,8960,,,1
02OA016,2024-01-01T21:40:00-05:00,1.284,,,1,8940,,,1
02OA016,2024-01-01T21:45:00-05:00,1.285,,,1,8940,,,1
02OA016,2024-01-01T21:50:00-05:00,1.281,,,1,8930,,,1
02OA016,2024-01-01T21:55:00-05:00,1.289,,,1,8950,,,1
02OA016,2024-01-01T22:00:00-05:00,1.290,,,1,8960,,,1
02OA016,2024-01-01T22:05:00-05:00,1.292,,,1,8970,,,1
02OA016,2024-01-01T22:10:00-05:00,1.290,,,1,8960,,,1
02OA016,2024-01-01T22:15:00-05:00,1.291,,,1,8960,,,1
02OA016,2024-01-01T22:20:00-05:00,1.286,,,1,8940,,,1
02OA016,2024-01-01T22:25:00-05:00,1.290,,,1,8960,,,1
02OA016,2024-01-01T22:30:00-05:00,1.284,,,1,8940,,,1
02OA016,2024-01-01T22:35:00-05:00,1.278,,,1,8910,,,1
02OA016,2024-01-01T22:40:00-05:00,1.284,,,1,8940,,,1
02OA016,2024-01-01T22:45:00-05:00,1.284,,,1,8940,,,1
02OA016,2024-01-01T22:50:00-05:00,1.285,,,1,8940,,,1
02OA016,2024-01-01T22:55:00-05:00,1.289,,,1,8950,,,1
02OA016,2024-01-01T23:00:00-05:00,1.285,,,1,8940,,,1
02OA016,2024-01-01T23:05:00-05:00,1.280,,,1,8920,,,1
02OA016,2024-01-01T23:10:00-05:00,1.280,,,1,8920,,,1
02OA016,2024-01-01T23:15:00-05:00,1.284,,,1,8940,,,1
02OA016,2024-01-01T23:20:00-05:00,1.279,,,1,8920,,,1
02OA016,2024-01-01T23:25:00-05:00,1.281,,,1,8930,,,1
02OA016,2024-01-01T23:30:00-05:00,1.282,,,1,8930,,,1
02OA016,2024-01-01T23:35:00-05:00,1.275,,,1,8900,,,1
02OA016,2024-01-01T23:40:00-05:00,1.276,,,1,8910,,,1
02OA016,2024-01-01T23:45:00-05:00,1.276,,,1,8910,,,1
02OA016,2024-01-01T23:50:00-05:00,1.275,,,1,8900,,,1
02OA016,2024-01-01T23:55:00-05:00,1.274,,,1,8900,,,1
02OA016,2024-01-02T00:00:00-05:00,1.274,,,1,8900,,,1
02OA016,2024-01-02T00:05:00-05:00,1.268,,,1,8880,,,1
02OA016,2024-01-02T00:10:00-05:00,1.275,,,1,8900,,,1
02OA016,2024-01-02T00:15:00-05:00,1.272,,,1,8890,,,1
02OA016,2024-01-02T00:20:00-05:00,1.273,,,1,8900,,,1
02OA016,2024-01-02T00:25:00-05:00,1.279,,,1,8920,,,1
02OA016,2024-01-02T00:30:00-05:00,1.275,,,1,8900,,,1
02OA016,2024-01-02T00:35:00-05:00,1.276,,,1,8910,,,1
02OA016,2024-01-02T00:40:00-05:00,1.276,,,1,8910,,,1
02OA016,2024-01-02T00:45:00-05:00,1.275,,,1,8900,,,1
02OA016,2024-01-02T00:50:00-05:00,1.274,,,1,8900,,,1
02OA016,2024-01-02T00:55:00-05:00,1.278,,,1,8910,,,1
02OA016,2024-01-02T01:00:00-05:00,1.273,,,1,8900,,,1
02OA016,2024-01-02T01:05:00-05:00,1.272,,,1,8890,,,1
02OA016,2024-01-02T01:10:00-05:00,1.270,,,1,8890,,,1
02OA016,2024-01-02T01:15:00-05:00,1.271,,,1,8890,,,1
02OA016,2024-01-02T01:20:00-05:00,1.269,,,1,8880,,,1
02OA016,2024-01-02T01:25:00-05:00,1.264,,,1,8860,,,1
02OA016,2024-01-02T01:30:00-05:00,1.267,,,1,8870,,,1
02OA016,2024-01-02T01:35:00-05:00,1.265,,,1,8870,,,1
02OA016,2024-01-02T01:40:00-05:00,1.271,,,1,8890,,,1
02OA016,2024-01-02T01:45:00-05:00,1.272,,,1,8890,,,1
02OA016,2024-01-02T01:50:00-05:00,1.267,,,1,8870,,,1
02OA016,2024-01-02T01:55:00-05:00,1.271,,,1,8890,,,1
02OA016,2024-01-02T02:00:00-05:00,1.270,,,1,8890,,,1
02OA016,2024-01-02T02:05:00-05:00,1.272,,,1,8890,,,1
02OA016,2024-01-02T02:10:00-05:00,1.273,,,1,8900,,,1
02OA016,2024-01-02T02:15:00-05:00,1.272,,,1,8890,,,1
02OA016,2024-01-02T02:20:00-05:00,1.268,,,1,8880,,,1
02OA016,2024-01-02T02:25:00-05:00,1.276,,,1,8910,,,1
02OA016,2024-01-02T02:30:00-05:00,1.272,,,1,8890,,,1
02OA016,2024-01-02T02:35:00-05:00,1.270,,,1,8890,,,1
02OA016,2024-01-02T02:40:00-05:00,1.265,,,1,8870,,,1
02OA016,2024-01-02T02:45:00-05:00,1.270,,,1,8890,,,1
02OA016,2024-01-02T02:50:00-05:00,1.271,,,1,8890,,,1
02OA016,2024-01-02T02:55:00-05:00,1.272,,,1,8890,,,1
02OA016,2024-01-02T03:00:00-05:00,1.273,,,1,8900,,,1
02OA016,2024-01-02T03:05:00-05:00,1.266,,,1,8870,,,1
02OA016,2024-01-02T03:10:00-05:00,1.266,,,1,8870,,,1
02OA016,2024-01-02T03:15:00-05:00,1.263,,,1,8860,,,1
02OA016,2024-01-02T03:20:00-05:00,1.264,,,1,8860,,,1
02OA016,2024-01-02T03:25:00-05:00,1.270,,,1,8890,,,1
02OA016,2024-01-02T03:30:00-05:00,1.270,,,1,8890,,,1
02OA016,2024-01-02T03:35:00-05:00,1.268,,,1,8880,,,1
02OA016,2024-01-02T03:40:00-05:00,1.266,,,1,8870,,,1
02OA016,2024-01-02T03:45:00-05:00,1.264,,,1,8860,,,1
02OA016,2024-01-02T03:50:00-05:00,1.262,,,1,8860,,,1
02OA016,2024-01-02T03:55:00-05:00,1.267,,,1,8870,,,1
02OA016,2024-01-02T04:00:00-05:00,1.265,,,1,8870,,,1
02OA016,2024-01-02T04:05:00-05:00,1.269,,,1,8880,,,1
02OA016,2024-01-02T04:10:00-05:00,1.268,,,1,8880,,,1
02OA016,2024-01-02T04:15:00-05:00,1.265,,,1,8870,,,1
02OA016,2024-01-02T04:20:00-05:00,1.269,,,1,8880,,,1
02OA016,2024-01-02T04:25:00-05:00,1.266,,,1,8870,,,1
02OA016,2024-01-02T04:30:00-05:00,1.266,,,1,8870,,,1
02OA016,2024-01-02T04:35:00-05:00,1.260,,,1,8850,,,1
02OA016,2024-01-02T04:40:00-05:00,1.268,,,1,8880,,,1
02OA016,2024-01-02T04:45:00-05:00,1.262,,,1,8860,,,1
02OA016,2024-01-02T04:50:00-05:00,1.274,,,1,8900,,,1
02OA016,2024-01-02T04:55:00-05:00,1.266,,,1,8870,,,1
02OA016,2024-01-02T05:00:00-05:00,1.259,,,1,8850,,,1
02OA016,2024-01-02T05:05:00-05:00,1.264,,,1,8860,,,1
02OA016,2024-01-02T05:10:00-05:00,1.272,,,1,8890,,,1
02OA016,2024-01-02T05:15:00-05:00,1.265,,,1,8870,,,1
02OA016,2024-01-02T05:20:00-05:00,1.267,,,1,8870,,,1
02OA016,2024-01-02T05:25:00-05:00,1.267,,,1,8870,,,1
02OA016,2024-01-02T05:30:00-05:00,1.262,,,1,8860,,,1
02OA016,2024-01-02T05:35:00-05:00,1.272,,,1,8890,,,1
02OA016,2024-01-02T05:40:00-05:00,1.265,,,1,8870,,,1
02OA016,2024-01-02T05:45:00-05:00,1.263,,,1,8860,,,1
02OA016,2024-01-02T05:50:00-05:00,1.262,,,1,8860,,,1
02OA016,2024-01-02T05:55:00-05:00,1.264,,,1,8860,,,1
02OA016,2024-01-02T06:00:00-05:00,1.261,,,1,8850,,,1
02OA016,2024-01-02T06:05:00-05:00,1.255,,,1,8830,,,1
02OA016,2024-01-02T06:10:00-05:00,1.263,,,1,8860,,,1
02OA016,2024-01-02T06:15:00-05:00,1.256,,,1,8840,,,1
02OA016,2024-01-02T06:20:00-05:00,1.259,,,1,8850,,,1
02OA016,2024-01-02T06:25:00-05:00,1.252,,,1,8820,,,1
02OA016,2024-01-02T06:30:00-05:00,1.259,,,1,8850,,,1
02OA016,2024-01-02T06:35:00-05:00,1.256,,,1,8840,,,1
02OA016,2024-01-02T06:40:00-05:00,1.255,,,1,8830,,,1
02OA016,2024-01-02T06:45:00-05:00,1.259,,,1,8850,,,1
02OA016,2024-01-02T06:50:00-05:00,1.257,,,1,8840,,,1
02OA016,2024-01-02T06:55:00-05:00,1.256,,,1,8840,,,1
02OA016,2024-01-02T07:00:00-05:00,1.252,,,1,8820,,,1
02OA016,2024-01-02T07:05:00-05:00,1.260,,,1,8850,,,1
02OA016,2024-01-02T07:10:00-05:00,1.253,,,1,8820,,,1
02OA016,2024-01-02T07:15:00-05:00,1.259,,,1,8850,,,1
02OA016,2024-01-02T07:20:00-05:00,1.259,,,1,8850,,,1
02OA016,2024-01-02T07:25:00-05:00,1.258,,,1,8840,,,1
02OA016,2024-01-02T07:30:00-05:00,1.256,,,1,8840,,,1
02OA016,2024-01-02T07:35:00-05:00,1.252,,,1,8820,,,1
02OA016,2024-01-02T07:40:00-05:00,1.261,,,1,8850,,,1
02OA016,2024-01-02T07:45:00-05:00,1.261,,,1,8850,,,1
02OA016,2024-01-02T07:50:00-05:00,1.256,,,1,8840,,,1
02OA016,2024-01-02T07:55:00-05:00,1.267,,,1,8870,,,1
02OA016,2024-01-02T08:00:00-05:00,1.264,,,1,8860,,,1
02OA016,2024-01-02T08:05:00-05:00,1.260,,,1,8850,,,1
02OA016,2024-01-02T08:10:00-05:00,1.262,,,1,8860,,,1
02OA016,2024-01-02T08:15:00-05:00,1.260,,,1,8850,,,1
02OA016,2024-01-02T08:20:00-05:00,1.265,,,1,8870,,,1
02OA016,2024-01-02T08:25:00-05:00,1.262,,,1,8860,,,1
02OA016,2024-01-02T08:30:00-05:00,1.262,,,1,8860,,,1
02OA016,2024-01-02T08:35:00-05:00,1.264,,,1,8860,,,1
02OA016,2024-01-02T08:40:00-05:00,1.255,,,1,8830,,,1
02OA016,2024-01-02T08:45:00-05:00,1.255,,,1,8830,,,1
02OA016,2024-01-02T08:50:00-05:00,1.259,,,1,8850,,,1
02OA016,2024-01-02T08:55:00-05:00,1.265,,,1,8870,,,1
02OA016,2024-01-02T09:00:00-05:00,1.259,,,1,8850,,,1
02OA016,2024-01-02T09:05:00-05:00,1.257,,,1,8840,,,1
02OA016,2024-01-02T09:10:00-05:00,1.256,,,1,8840,,,1
02OA016,2024-01-02T09:15:00-05:00,1.259,,,1,8850,,,1
02OA016,2024-01-02T09:20:00-05:00,1.249,,,1,8810,,,1
02OA016,2024-01-02T09:25:00-05:00,1.254,,,1,8830,,,1
02OA016,2024-01-02T09:30:00-05:00,1.251,,,1,8820,,,1
02OA016,2024-01-02T09:35:00-05:00,1.244,,,1,8790,,,1
02OA016,2024-01-02T09:40:00-05:00,1.254,,,1,8830,,,1
02OA016,2024-01-02T09:45:00-05:00,1.252,,,1,8820,,,1
02OA016,2024-01-02T09:50:00-05:00,1.258,,,1,8840,,,1
02OA016,2024-01-02T09:55:00-05:00,1.254,,,1,8830,,,1
02OA016,2024-01-02T10:00:00-05:00,1.250,,,1,8810,,,1
02OA016,2024-01-02T10:05:00-05:00,1.256,,,1,8840,,,1
